peptide,start,stop,mc,mz1,mz2,mz3,width,species,monoisotopic_mass,molecular_weight,peptide_length,experimental_mass,intensity,is_noise
K,70,70,0,147.113,74.06,49.709,1,Bos_taurus,146.105527704,146.188,1,146.102073832094,13625.633374089375,FALSE
K,101,101,0,147.113,74.06,49.709,1,Bos_taurus,146.105527704,146.188,1,146.10633627183105,5537.2855006717145,FALSE
TK,76,77,0,248.16,124.584,83.392,2,Bos_taurus,247.1532061781,247.291,2,247.15765263514922,27331.291396170855,FALSE
ALK,139,141,0,331.234,166.121,111.083,3,Bos_taurus,330.2267054722,330.423,3,330.19423399697206,56533.85039209388,FALSE
FDK,136,138,0,409.208,205.108,137.074,3,Bos_taurus,408.2008846522,408.449,3,408.21104580248186,13068.026737542823,FALSE
IIAEK,71,75,0,573.361,287.184,191.792,5,Bos_taurus,572.3533625488,572.695,5,572.337455671674,44777.80734631233,FALSE
noise_2,NA,NA,NA,NA,NA,NA,NA,unknown,737.1016523102298,NA,NA,737.1016523102298,40824.68192453962,TRUE
IDALNENK,84,91,0,916.473,458.74,306.163,8,Bos_taurus,915.4661604752,915.987,8,915.4845051102552,85924.94381894358,FALSE
LIVTQTMK,1,8,0,933.544,467.276,311.853,8,Bos_taurus,932.5364886468001,933.167,8,932.6198067319057,80093.55971869081,FALSE
VLVLDTDYK,92,100,0,1065.583,533.295,355.866,9,Bos_taurus,1064.5753765736,1065.217,9,1064.5207636200037,38071.81481271982,FALSE
WENDECAQK,61,69,0,1179.474,590.24,393.829,9,Bos_taurus,1178.4662368297,1179.217,9,1178.5075630421995,21446.60757202655,FALSE
TPEVDDEALEK,125,135,0,1245.585,623.296,415.866,11,Bos_taurus,1244.5772270671,1245.29,11,1244.653400283558,47130.28257503174,FALSE
noise_3,NA,NA,NA,NA,NA,NA,NA,unknown,1459.9240944953635,NA,NA,1459.9240944953635,22701.558898901567,TRUE
LSFNPTQLEEQCHI,149,162,0,1715.806,858.407,572.607,14,Bos_taurus,1714.7984700058998,1715.881,14,1714.7602589826765,24070.375845767558,FALSE
noise_1,NA,NA,NA,NA,NA,NA,NA,unknown,2162.787986570038,NA,NA,2162.787986570038,14081.990406382829,TRUE
VYVEELKPTPEGDLEILLQK,41,60,0,2313.259,1157.133,771.758,20,Bos_taurus,2312.2515298242997,2313.642,20,2312.226329182806,89609.49055617675,FALSE
VAGTWYSLAMAASDISLLDAQSAPLR,15,40,0,2707.376,1354.192,903.13,26,Bos_taurus,2706.3687016220997,2708.05,26,2706.2242053892633,75577.47856597416,FALSE
